% dwellings which are public housing,Distance to GPO (km),Public Housing Dwellings,Equivalent household income <$600/week,"Poor English proficiency, persons",Dwellings with no internet,"Aboriginal or Torres Strait Islander, persons","Holds degree or higher, persons",Population Density
3.8157894736842106,4.2641571257,87,400,305,246,16,1784,3082.440714341347
4.68417317246274,9.8815271597,66,265,45,193,12,877,2426.6654502494807
,134.213742556,<5,31,<5,17,8,73,0.8415220460207261
1.2265978050355069,124.859887434,19,137,<5,68,8,245,213.0594427378777
,14.7584183535,<5,121,14,64,7,84,210.81904178437867
1.0449651678277392,15.217033758,33,1029,411,745,29,854,1972.4450693159613
6.336853807670928,26.1760869046,114,778,765,443,28,388,2879.8314823312035
7.286515001648532,4.24850436176,221,506,214,394,14,2241,1850.2801495296967
5.0181065700982925,15.5964749897,97,817,420,512,28,623,1765.6962832720185
0.8921330089213301,134.823731105,22,627,5,369,31,403,1.79505849631854
4.32152117545376,131.268846491,50,428,8,317,5,253,396.89201976791935
0.6030150753768844,144.993258849,12,583,17,292,65,426,21.86272445150263
2.824858757062147,125.064157126,75,722,48,374,67,1095,950.801990413856
,253.148240315,<5,80,<5,46,<5,42,700.3155932105723
3.528801245459263,9.76296950588,68,402,136,238,16,1685,1737.2852339249805
0.7547169811320755,16.8852083939,6,229,41,157,<5,320,1805.7522721989333
6.469951272333514,24.4181444054,478,2312,1089,1322,112,2242,1850.8699205387284
,14.4129975819,<5,88,70,67,<5,77,729.7079236337061
9.492563429571304,15.4511571257,434,1893,1403,1386,42,1110,857.2169674382394
2.132151150517205,19.4057491395,101,1452,281,1091,34,1662,628.2652507851976
,198.866517084,<5,251,10,142,19,248,1.2311513402690155
,185.376891854,<5,206,6,129,14,132,400.2031869619123
0.8236434108527132,226.503159126,17,714,6,419,47,410,0.9496425358088604
8.449424591156875,203.911549023,279,1333,13,976,61,486,523.0537840861351
,184.694678199,<5,13,<5,13,5,55,133.0813448014626
2.6028547439126783,23.5078528853,31,458,337,344,13,250,1450.693716924538
2.08105147864184,8.30630220282,95,756,209,529,<5,3424,4269.894586893963
,88.7629466801,<5,32,<5,13,<5,85,44.4580911769501
4.330708661417323,158.541872321,22,124,<5,42,6,174,505.2707654062973
24.025548640681297,6.95874217182,1467,1604,795,1062,53,3686,3758.623596428179
17.553006604101494,14.1109122804,505,683,228,441,14,2267,2811.249684608445
15.350877192982455,15.6066393046,385,750,292,425,8,1547,2437.199209301231
,41.6212772483,<5,57,77,15,<5,327,1421.7640148796513
1.6941596076683014,28.8886971497,38,528,192,190,9,955,2126.4848517635724
1.340782122905028,27.039017491800003,36,586,91,373,15,1305,2283.0938563677364
0.9337068160597572,21.4904537121,10,237,80,124,11,335,669.6157422843391
,127.781157126,<5,117,<5,73,6,66,177.9120550227847
3.389830508474576,182.493490518,18,253,<5,168,<5,56,183.1334019748
2.526172052799272,12.3795029225,111,1596,1129,1167,18,1615,2147.271834649505
,59.7305649985,<5,45,<5,13,<5,37,1016.4177364166496
,147.680442,<5,30,<5,18,7,7,164.6686996847057
,68.3271571257,<5,218,17,132,8,232,2.9836950459524383
9.10312395028552,58.1981571257,542,1912,69,1141,166,1360,895.4588394634335
0.3701133472125839,384.007598426,16,1454,30,856,108,785,0.9656376156929882
14.21985815602837,281.562436363,802,2365,37,1489,533,859,507.41003712398594
,113.452137691,<5,41,7,15,<5,27,783.611430090258
,7.931102239689999,<5,22,<5,8,<5,77,3443.2712154142223
3.615702479338843,7.47632857524,105,605,213,356,10,1928,7152.156399764233
,89.3884080209,<5,545,8,287,29,481,6.384833277511378
6.762749445676275,79.7385317329,61,336,7,226,21,170,584.4599530754774
10.8197666042357,115.474185555,751,2710,65,1672,168,2230,1328.1282691171823
1.6797312430011198,114.924196288,45,863,40,481,36,1193,1582.3817944157065
5.483528161530287,108.464157126,258,1576,45,967,179,1336,29.30843933493336
13.875786163522012,112.076908662,353,1005,35,555,63,694,918.994115448696
11.409764125068568,115.061410867,208,705,6,477,39,547,1525.1086055370397
,340.479157126,<5,48,<5,27,<5,21,68.18477209211261
1.2636695018226003,83.6662801436,52,788,13,396,74,1018,72.55891839223253
0.5287009063444109,81.9681571257,7,276,<5,138,10,386,375.0248386116208
0.1843803503226656,14.2441069536,14,1714,993,991,27,6119,2382.37155516498
0.97323600973236,13.5875843051,52,1258,721,766,15,4188,3098.7247765578163
,45.7227773461,<5,281,7,214,<5,33,24.13503045675549
,102.939521905,<5,662,32,300,29,632,5.452078039082464
,87.04849519240001,<5,311,<5,154,19,309,322.94307357762347
5.6672760511883,330.631130655,31,104,<5,31,13,213,573.0192723786655
,297.999792218,<5,66,<5,43,14,31,260.7006878420434
,75.8625393499,<5,39,<5,24,<5,95,83.97750671485908
,59.6488851466,<5,35,<5,8,8,38,137.14091461607185
6.235827664399093,59.671157125700006,55,274,9,131,26,132,219.53745433711367
7.7854671280276815,33.670717159400006,270,1018,164,546,28,956,1322.677884357542
4.135180520570949,34.5828819016,197,1534,399,847,44,1440,1463.7624869386757
2.4861878453038675,52.7505983994,18,108,16,77,5,221,62.57558722044804
1.7650025214321734,50.969087075,35,446,24,230,21,515,1290.765896232596
,56.81115712570001,<5,62,<5,34,<5,219,41.42352174747413
,53.3560266521,<5,117,7,62,8,317,226.2737589346924
,165.08950903,<5,451,<5,254,26,183,1.34074211013524
1.8248175182481752,160.266555115,10,280,<5,187,23,35,252.2975099309964
0.1567398119122257,21.7861770217,8,937,70,602,11,3360,2584.323987674113
,157.493038423,<5,55,<5,36,<5,5,384.723196128157
,284.416156671,<5,242,<5,121,18,335,3.802221159919155
5.5039313795568265,282.972700937,77,490,19,321,21,464,360.2136187352193
,45.7785520519,<5,474,7,167,22,918,149.95583992841182
,43.8513081996,<5,122,<5,26,11,194,850.8530295564624
,42.0719856944,<5,109,<5,52,<5,186,216.93797441154035
0.7133592736705577,46.058071073,11,373,11,145,<5,710,1000.3613314152784
3.791650708540789,71.4209797811,99,1049,270,724,44,460,615.8356615458151
5.044642857142857,70.6459156525,113,876,391,642,58,348,1662.6743133827497
3.6259541984732815,72.8662457062,76,854,226,568,49,331,2211.9457995582334
,341.300972357,<5,46,<5,18,<5,32,684.1748566582653
50.42016806722689,13.2994809962,360,259,118,163,16,271,1945.719811420059
4.470198675496689,77.925180189,27,227,14,154,9,120,224.114111526366
4.442086112795634,77.7510320554,293,2313,120,1558,92,2099,1489.0616447450657
,225.375681733,<5,680,8,381,36,509,1.8934323230638508
13.384279475982533,211.348001657,613,1990,38,1317,123,694,368.04331993514256
5.587121212121212,152.39255247399998,59,338,<5,224,10,370,1202.6950118068744
6.176569318563276,151.048157126,184,965,45,605,90,1096,1059.8177518228222
2.0574534161490683,17.032704191199997,212,2907,1101,1840,33,5399,2984.536164877946
1.177432542927228,14.7782811428,72,1550,532,937,13,3887,3451.1236228198286
,49.2545944248,<5,230,19,104,14,392,59.60964267155802
1.8788488123664695,46.0120722233,299,3910,708,1724,150,5919,1775.927139605154
,347.783208574,<5,34,<5,15,<5,14,204.54032476825932
4.958677685950414,373.29007878,6,77,<5,35,9,<5,194.9473480027424
,318.892181409,<5,150,<5,100,6,48,0.3069254129241875
4.80225988700565,309.808533431,17,148,<5,104,<5,67,177.39512488970058
,134.849182723,<5,84,<5,61,<5,58,350.9340575601629
0.4611837048424289,75.6161571257,6,367,<5,139,42,268,325.6681470595228
8.58806404657933,111.214746435,177,727,10,456,89,607,800.0930573439537
,19.4232209444,<5,471,34,323,<5,1643,1714.2745012272976
1.7309772809231878,21.3771363522,48,841,387,466,8,1551,2714.175114824319
8.129888599194121,24.3588008141,343,1357,517,784,29,2430,3057.7720534230552
0.5207328833172613,23.0173512488,27,1208,327,713,<5,3701,2276.5854000143813
,88.6269973094,<5,73,<5,33,<5,47,55.87918707170705
,102.922840496,<5,362,7,224,19,285,354.0919038738497
,63.9990512446,<5,126,5,56,11,39,2342.9672368545043
2.443406395975566,32.3051571257,68,845,72,524,18,880,2153.6144626875835
2.3255813953488373,170.168234641,6,104,<5,42,<5,45,412.01528919999953
1.794871794871795,252.697210547,7,158,<5,135,25,63,343.10344772232344
3.270509977827051,40.6935898878,59,418,13,210,30,605,344.73814276073074
5.453321364452424,36.8914564973,486,2722,412,1541,128,2508,1904.801536637116
,57.0421571257,<5,74,14,33,<5,142,205.1829381460308
2.92896174863388,18.828951274,134,1456,876,771,17,2900,2888.80908805251
5.14520202020202,17.8810455595,163,949,389,559,22,2165,2363.883783993967
4.599029350589323,20.5045183956,199,1476,1185,578,13,2790,2909.3955958878387
42.25806451612903,11.595888427399998,1310,1431,1606,820,55,993,2025.4682957270925
18.560606060606062,77.6443103049,98,235,12,151,23,65,224.1957635192813
,244.820737045,<5,104,<5,46,<5,52,532.9478667407063
2.39880059970015,23.366095668000003,32,301,20,194,12,550,2444.1647344673133
,177.73939957099998,<5,82,<5,57,9,26,149.49692356649842
,386.271069801,<5,465,5,294,21,321,1.0048851789868785
2.8995756718528995,323.583765474,41,433,18,234,<5,274,236.20561660371925
1.077956569286049,13.1094876437,69,1284,288,812,20,4430,2943.553801876582
2.5312294543063776,11.5555588487,231,1388,325,914,25,6972,2749.6145416049185
,94.6583420062,<5,142,<5,84,16,140,4.011816683934588
5.01432664756447,89.07758160819999,70,518,<5,303,43,166,388.3010806862708
7.653061224489796,16.0423880704,30,176,86,99,17,74,1537.161141606157
35.16308671439936,16.976549981799998,1326,1840,1478,956,93,588,1405.502943176792
1.8820577164366372,13.5984340624,15,244,155,202,9,211,315.6356583417111
,4.4195730463,<5,22,10,16,<5,139,3165.386596104726
48.07017543859649,4.04897460247,137,97,30,57,<5,173,5618.331095562606
3.327665776050522,5.78340385473,137,970,470,636,41,3253,4204.316335074358
3.335818114051435,5.7591571257,358,2598,1547,1547,52,8569,4751.80879834744
7.6778144135657085,7.41089641631,489,1686,784,1153,58,4097,4391.1655683348135
,307.049426555,<5,109,<5,56,8,38,88.74998314662074
,28.1391245675,<5,36,<5,18,<5,20,555.7772213743219
1.2684031710079275,14.5348574421,56,1399,881,910,19,2406,1709.6799595024047
,102.980719704,<5,23,<5,6,<5,46,495.4996792869749
,290.57229939900003,<5,37,<5,31,<5,44,106.26473391400047
2.9973045822102424,25.0607402918,278,3087,1488,1532,179,4485,1609.1044414715388
0.8866995073891626,121.08218239,9,315,6,134,13,492,786.1376143303831
,79.392874694,<5,579,22,317,16,279,20.88658326238683
1.3803680981595092,83.47477130959999,9,225,<5,113,18,110,473.0559616980974
2.2332506203473947,12.0376857347,9,57,20,46,<5,363,743.1542427643269
1.1302795954788816,29.1732365058,19,398,338,154,17,827,2742.603624062896
,28.0089423475,<5,531,277,307,20,437,1864.6766418832387
0.2528445006321112,19.2351571257,10,1403,914,690,10,2505,2487.3308983562347
8.911077618688772,15.439665703,473,1900,781,841,31,3458,2325.4773922396644
,259.410829986,<5,54,<5,32,8,68,184.42942398928585
,102.066157126,<5,44,<5,18,<5,30,199.57753058951667
,546.297949054,<5,56,9,23,11,52,107.2581792593678
2.290950744558992,24.5723573295,60,771,1252,284,8,1242,2196.203421089984
25.526315789473685,154.174009417,485,882,<5,528,96,209,1156.5903025138127
0.2345888179330118,13.227316154,18,1304,463,739,19,7038,2886.197741754057
1.2903225806451613,26.6061029831,24,947,1012,530,28,314,462.4492245762804
,170.937093458,<5,283,<5,186,7,144,1.098721755836085
9.405255878284924,194.550094854,136,613,<5,431,26,228,631.0515419681044
5.295007564296521,114.442157126,70,451,39,218,65,488,424.0958120421656
16.53543307086614,445.983813177,21,52,<5,42,17,6,168.96646574505877
,62.7914494971,<5,71,<5,46,7,38,444.0415913968863
0.2641135688345988,11.0767060213,8,507,168,276,<5,2820,2708.3174184752093
,142.664974052,<5,117,<5,112,<5,88,521.7940223398133
,103.357157126,<5,28,<5,14,<5,88,85.25539957002627
,130.8207934,<5,203,8,120,<5,160,40.88065347065859
,127.742933465,<5,199,7,105,5,173,804.6860213097892
,134.554048455,<5,51,<5,24,12,45,696.8267427638214
4.545454545454546,161.964607628,15,158,<5,85,7,45,187.94135488066243
,3.69715168645,<5,32,<5,13,<5,222,6385.937771746508
2.522935779816514,3.65907085386,77,531,150,321,15,3005,3551.524996963272
20.97416784475003,1.93456604461,1632,3079,734,680,27,4886,8609.036083075276
2.0445851470782217,15.6487988818,155,2036,874,1133,22,5408,4544.446520880978
0.388656974233482,30.129254974,27,1492,966,674,53,3451,2642.5635215898283
,46.0960550391,<5,388,44,242,14,588,132.42936094795957
4.689803028272813,46.7873037883,350,2309,311,1146,179,1279,979.6166547938992
5.033185840707965,47.8496178587,91,521,31,353,17,426,2400.478032103385
,380.191687141,<5,266,<5,172,23,105,0.5241014376870183
0.7112375533428165,363.819073014,5,344,<5,247,15,76,317.61657577028365
0.3443526170798898,126.94604611,10,995,<5,477,37,896,6.260238821980126
5.542725173210162,121.531956597,240,1804,7,1059,123,1455,272.61069668060026
4.028021015761821,15.3521571257,23,179,42,67,<5,404,1029.1013545394912
0.8756841282251759,9.79473440818,56,1261,352,733,15,5229,3671.926745829476
,10.7902810717,<5,52,8,28,<5,174,3715.5032331622033
1.5453005927180357,11.9131571257,73,1043,321,575,12,3437,3640.4372962583975
,11.3470000813,<5,534,189,314,6,1566,3702.38702048962
16.978240882623354,17.133976077899998,554,1039,559,556,29,1892,2713.135149708656
1.9147084421235856,248.521785578,22,503,<5,338,35,166,0.7069814061633188
4.355716878402904,245.578535754,24,232,<5,180,6,56,153.03820967358536
4.5615813482007095,31.5955065639,90,562,121,329,20,590,1682.0246764229082
4.889633975970941,30.7286434784,175,1145,148,783,50,1130,2884.008855945309
,23.2791571257,<5,97,76,20,<5,429,549.602152946932
2.715909090909091,19.8405257879,239,2615,659,1655,46,3831,2105.5344459431885
,289.510022458,<5,259,<5,155,26,222,3.3336908753294674
,290.34254835,<5,199,<5,150,<5,78,155.04775153270884
,40.61939411709999,<5,71,11,29,9,173,68.9622670408848
0.9615384615384616,38.7827812039,30,872,56,434,38,841,1490.7766232000854
,166.793157126,<5,363,<5,205,54,407,7.281032946927668
18.572167615106054,159.890865372,359,769,53,356,62,445,848.8680133351043
,22.159051956200003,<5,52,23,32,<5,58,109.09636165844832
7.467166979362101,25.126193941,199,961,885,534,9,1096,2236.3824440935878
4.110996916752312,22.4101571257,40,322,117,90,5,609,2142.8223634356978
5.604519774011299,24.8580654345,248,1793,1690,954,20,2072,1576.6632858185135
4.098651525904897,21.5448852085,231,2387,1496,916,20,4207,2026.5449424234928
,50.1954570409,<5,24,<5,18,<5,54,147.25371734359982
7.496307237813885,5.38193181186,203,384,151,253,23,2611,3621.605989413946
2.728512960436562,147.256157126,20,355,<5,172,18,123,101.59666850657416
,56.9746020801,<5,49,14,12,<5,31,31.726683653643946
,204.168714481,<5,666,<5,420,39,341,3.66745573026558
6.073446327683616,198.324311565,43,266,<5,215,9,77,422.36841885385536
,252.436683155,<5,532,14,322,27,190,5.179523508393354
15.37838931606637,263.273256429,380,1058,152,765,93,254,555.1422746854834
8.838203848895224,10.3682419421,248,994,533,630,44,1212,1419.3754352846618
3.7391389241433175,8.11539405658,383,3071,2071,1978,80,6047,3822.8545907381817
,72.49923878909999,<5,366,13,157,32,448,27.894841292722347
2.330508474576271,65.9776982322,33,396,<5,149,31,299,612.4087668466137
2.356637863315004,275.659527204,30,504,7,356,23,141,3.587234835019604
7.003089598352214,303.548376335,68,423,<5,290,14,110,589.7178021394315
0.1747030048916841,147.258157126,5,941,<5,617,41,540,3.2174391307185517
10.96474234792716,150.127232007,566,2004,78,1487,94,682,510.13680653883006
1.1513157894736843,45.9923519476,7,183,<5,75,19,81,1510.4194018727617
,355.716866845,<5,260,<5,163,20,123,0.7336939548221388
2.5793650793650795,334.39108910500005,13,252,<5,185,10,33,178.97010837021054
44.896772317534165,3.40096136849,1544,926,593,480,52,2015,5596.329332237494
23.402255639097746,20.4463107652,249,568,473,284,25,117,1066.989809737685
,111.417959391,<5,124,<5,73,8,41,364.02315531295335
1.7114914425427872,65.2578328701,7,136,40,73,21,69,51.65786796516293
22.97611147976112,64.1421513925,1385,2810,568,1581,357,487,813.7928263334835
,110.049868752,<5,217,10,118,<5,36,174.0232600572775
,455.657270624,<5,277,<5,140,36,119,0.3990089979035684
4.159733777038269,441.413701767,25,273,<5,193,17,74,373.5942615410991
,140.25490442,<5,408,<5,192,7,294,41.80178711266293
0.9521920253917874,139.528418126,48,897,32,532,33,402,431.66131351982375
,36.2434307015,<5,92,41,78,7,137,24.37257760053627
3.4766862833861474,43.1002873422,384,3257,1778,1374,251,3189,1034.970870040537
0.2951013181192209,57.5464108008,15,1411,220,714,71,1037,128.69231934307552
0.1669449081803005,53.0465026784,5,862,222,385,45,776,223.28125564711323
,50.2604553277,<5,136,62,54,<5,73,4153.490075641732
6.561526479750778,49.3158354806,337,1471,567,660,147,1236,1480.1588410284644
,53.0708981205,<5,52,<5,23,<5,27,150.07725666324413
10.111095485866969,49.954407134,719,2584,575,1438,189,1120,1529.9907085236443
,45.2343230074,<5,278,227,120,8,919,1676.580818076388
4.381270903010034,49.3401571257,131,1025,319,439,89,487,745.9467873568678
,4.119584375520001,<5,86,32,58,8,690,2505.889471327626
0.9935419771485344,138.125830797,20,786,8,409,45,478,5.740989894175177
9.587888982338098,130.257705144,114,511,9,321,28,266,175.4202009554598
2.616516762060507,78.1326298236,32,392,<5,202,37,145,451.392928588259
3.0997304582210243,33.574649408,23,137,8,39,8,370,2058.7557649368164
1.9434628975265016,33.847325675499995,33,332,31,110,8,828,2365.5784140480946
1.3565891472868217,38.9005171374,28,329,24,131,9,1057,365.8692923627398
2.218988723172062,36.3411571257,61,651,72,278,27,1179,1989.099160038494
9.080654258319234,31.9849911579,161,477,56,255,5,601,2281.2709052803366
4.422486569455104,34.0713227139,461,3287,577,1941,118,3275,1730.0648303328385
,82.0231598643,<5,37,<5,13,6,39,205.39108943336691
19.28769657724329,18.375673690200003,417,1175,1179,602,41,305,2795.794029612848
,126.809869411,<5,67,<5,29,<5,18,498.1398023345794
,39.9116868918,<5,64,34,59,<5,20,17.219653855324054
13.215695952615992,33.262713416400004,1071,3226,2154,1717,144,2191,2411.3001983302447
,39.9116868918,<5,64,34,59,<5,20,17.219653855324054
10.392156862745098,33.677217921099995,1007,4384,4049,2363,87,2617,2453.130532769133
,111.579086606,<5,40,<5,18,<5,27,268.2453009040558
,391.632077607,<5,57,<5,35,<5,8,77.14840128121463
,115.110995365,<5,652,24,322,7,666,6.694135561485192
3.2751091703056767,111.47288544,75,735,21,383,<5,566,191.95389479109875
,9.9991571257,<5,166,86,102,<5,791,2349.919480675325
1.7271157167530224,25.6231571257,20,392,206,322,85,183,570.1573097689301
6.617769628271379,24.9326363862,397,2220,1635,1279,92,1678,2204.0357829864115
23.3640081799591,120.311882213,457,744,13,358,97,322,541.9050760796418
2.793296089385475,27.3404200562,80,1060,961,507,33,725,2503.8570138351984
,24.9201571257,<5,6,5,5,59,39,51.97820039339685
,20.4915994293,<5,406,523,165,22,1031,510.3250498181284
,176.92973415199998,<5,67,<5,52,<5,13,90.44343526986552
3.278688524590164,56.05813884050001,10,88,16,41,<5,38,204.31022350939895
,32.501345326,<5,213,8,87,18,436,101.62581698494311
1.6198704103671706,30.734467851,60,704,51,335,30,1679,1163.287815372457
,34.367803331199994,<5,239,13,119,19,96,630.8062578293627
,330.484448796,<5,99,<5,69,9,40,0.6304890504082448
1.7735334242837653,334.727736202,13,313,<5,247,51,76,449.3269762531422
,26.3347797786,<5,1101,162,594,26,1361,653.8922239691065
,390.7492764910001,<5,9,<5,41,<5,32,239.1885913233517
1.583710407239819,2.7391571257000003,63,441,212,176,18,2207,2212.1438738155102
,66.9547883542,<5,38,<5,15,<5,35,168.07669032730178
,291.933954377,<5,60,<5,26,<5,20,0.3368104131545982
5.481481481481482,283.177146826,37,309,<5,226,13,83,199.79796152047743
1.0083549409392103,23.112442034,105,3098,2155,1478,30,6264,2555.895022146974
0.6020238247726399,17.5621532913,47,2331,1645,1298,21,4641,2225.720378163436
0.8462946020128088,24.4773786909,37,939,449,503,12,2795,1044.9604982378137
,219.967821889,<5,33,<5,25,<5,17,337.4203658113346
,46.7784009841,<5,70,<5,36,<5,136,19.24252884056429
1.0613512813875223,47.7504173207,41,611,75,312,69,1293,888.8721658473271
7.0588235294117645,37.9731732223,12,75,44,41,5,22,1345.040839374646
21.729828850855743,35.4828042396,711,1539,902,862,148,481,2144.0328291233577
0.1531862745098039,82.1754642197,5,747,52,364,29,651,84.81762367465787
2.200791295746785,84.8817579533,89,922,61,548,34,496,835.8988847527162
,87.90613836589999,<5,369,6,203,36,245,7.052364808678721
5.400608519269777,94.7132679862,213,1540,17,871,157,736,474.014390191692
,71.4663368464,<5,57,<5,38,<5,147,2359.045629747125
,94.1388362828,<5,51,<5,29,<5,167,14.480693832348416
0.5991868178900064,94.8019235823,28,1627,16,876,92,1009,1023.5833604263064
3.9145907473309607,268.613988419,11,101,<5,69,<5,59,72.04407744786728
13.30166270783848,199.68735961,56,228,<5,137,13,31,136.6442074177864
1.288659793814433,293.464769397,5,116,<5,71,8,97,107.4992695512618
10.737746336533602,184.979298069,425,1505,<5,810,210,637,9.04682636973708
8.858447488584474,155.903646573,194,1003,8,630,110,292,632.6101846294015
,13.9848291697,<5,242,50,169,<5,1406,1893.3779492827912
7.046332046332046,155.97521767,73,353,<5,250,10,274,221.9163998328125
35.22727272727273,77.03854286650001,217,299,11,178,11,134,2188.426405607368
5.044843049327354,75.844604676,90,506,27,304,13,835,1361.464282854653
0.3782668500687758,2.19959694103,11,263,49,189,5,2358,3651.081310106284
,83.6701571257,<5,165,<5,102,<5,105,33.23831139267989
,333.664233544,<5,12,<5,10,5,9,147.56763362993004
,220.037520701,<5,395,<5,234,52,243,3.0205200295080017
14.608909154682568,217.919276473,833,2135,22,1407,493,990,473.84420729948414
1.1073253833049403,389.506026804,13,384,<5,258,16,146,0.3784476097472684
2.4830699774266365,393.808659359,11,169,<5,146,<5,47,117.97328419563446
3.0821917808219177,29.3104113727,72,623,65,391,17,875,2765.4246705986075
3.949730700179533,140.273628867,22,178,5,106,11,43,190.9669756984159
,273.196445863,<5,54,<5,35,<5,21,67.53195897076783
,176.36799582700002,<5,191,<5,116,16,80,1.1267463117045269
,173.542784834,<5,173,<5,131,5,40,334.28389670537405
0.6605019815059445,9.40016745823,5,143,30,112,<5,492,5371.043984093929
0.6269592476489029,9.70724870828,28,940,255,584,18,3213,3953.432569528277
,28.1450953996,<5,322,22,126,20,1444,1667.4528551103965
0.9635651912074676,26.9138903948,64,1251,83,567,27,4152,1143.778064822013
1.4033825116948542,8.55992338477,117,1150,219,785,14,5645,6199.573106216418
,56.2488324125,<5,159,<5,65,<5,243,42.34985199353394
0.7650765076507651,57.3383121448,17,606,14,280,23,823,263.14216787710075
,37.134083361,<5,111,64,37,<5,257,254.0239337901712
7.7764423076923075,35.260626476999995,647,2702,1753,1149,72,3174,1683.0261355989935
,135.39337416400002,<5,65,<5,25,<5,40,169.97671473011596
,43.337490139,<5,84,28,90,11,92,7.769743697462652
5.721802038803025,34.1195015055,522,2906,1733,1536,223,2807,1569.861307106475
8.932038834951456,159.170165352,92,298,<5,140,53,283,456.8402750680289
3.2216494845360826,9.94236782449,75,468,98,340,22,1282,2309.3014867628285
0.8226691042047533,13.3345774634,9,270,76,180,15,444,3329.6377375557563
1.0389927881677057,9.1751571257,85,1744,430,1299,53,4860,3203.0301778434387
7.142857142857143,10.8674629501,41,152,35,105,<5,299,1415.3546506830305
17.073170731707318,37.4935774432,133,351,171,232,28,86,1944.603111949622
16.56050955414013,112.448281007,52,75,15,78,15,45,1527.232580461265
,167.676648849,<5,555,10,325,31,355,1.577114759759171
5.288461538461538,162.098922308,77,631,<5,440,25,184,443.5262011147461
1.4163250093179276,6.96894229181,38,642,304,452,31,1913,1750.8252581347472
,384.6718135050001,<5,<5,<5,23,<5,38,84.22652376512373
3.1662822394632,13.0471422114,151,2230,1728,1497,60,1326,2619.1200885293983
,36.336157125700005,<5,39,13,16,<5,123,2056.905471488974
5.240821160679037,38.1755588333,531,3067,408,1561,102,2950,1915.3709705561655
,47.2691155747,<5,131,<5,55,7,355,307.34003087455284
,166.911737752,<5,44,<5,16,<5,14,244.50236847230585
,3.91738687609,<5,42,17,33,<5,382,5417.958722557649
13.712853562477624,4.70255571487,766,1201,480,737,55,4928,4923.003484308926
38.26142131979695,2.85528470544,1809,1094,787,581,68,3563,7648.813809349969
58.44402277039848,6.09990996306,2156,1191,865,759,46,2069,2756.0137685789787
,101.127675469,<5,53,<5,36,<5,145,212.1712611539477
5.8441558441558445,151.820315193,99,647,50,338,45,577,1617.3606332364338
11.798490318345914,7.03473949306,719,1981,1469,1048,48,3426,2848.743283684623
8.531791907514451,26.1939657112,369,1489,631,886,41,2225,2574.8409521011527
0.7348784624081401,187.507888449,26,831,<5,478,44,521,3.069597145123248
5.732484076433121,171.31051325,36,269,<5,180,13,109,340.14964918825785
,252.241898005,<5,13,<5,9,34,<5,12.457692677821326
23.6385639370714,50.7944931983,586,1153,104,699,132,187,1142.2576745979693
1.878265781669256,56.860157125700006,133,1923,117,1011,88,2659,1257.293381320627
8.044924616981017,54.1033305992,1318,5834,559,3116,300,3360,1832.873529115074
,10.7140648975,<5,109,16,72,<5,346,3891.613101381943
,78.6768962951,<5,164,<5,83,<5,78,615.4073393324753
1.2987012987012987,74.9465149241,6,112,12,84,<5,203,1419.9153369060568
1.101141924959217,74.0999687879,27,553,95,419,14,1109,1475.6034623543508
5.760921747479597,75.3215856319,120,656,57,417,11,781,2099.556609608816
4.705882352941177,73.177431386,156,1009,164,682,36,1407,2921.565047180916
,71.9961764289,<5,111,<5,39,<5,96,441.6928250951621
14.285714285714286,210.005748095,12,40,<5,31,<5,<5,286.0256873032833
,61.349927646,<5,200,10,120,<5,515,15.89990604282436
2.2895622895622894,54.9455052399,68,692,20,345,32,1217,408.6727892228024
,28.1391245675,<5,36,<5,18,<5,20,555.7772213743219
5.295566502463054,19.8790113841,172,1125,423,630,33,768,2235.4485059381905
4.411764705882353,15.3521571257,18,112,35,46,<5,283,1002.1595789951788
0.8669267446900737,15.6914125804,20,639,246,306,5,1692,5588.766553913977
0.4188583674264562,12.705054778,43,1689,509,1021,11,8951,3071.5950600995284
1.1717691682470874,24.4476968249,173,4402,2910,1822,60,10675,2445.3759182718672
,173.863074246,<5,54,<5,31,11,44,637.1086516796423
,238.867445346,<5,40,<5,15,<5,62,343.3417795364654
,234.349812107,<5,53,<5,28,<5,21,328.8047763571724
2.5830258302583027,15.2791571257,7,118,58,71,7,48,1846.855480133787
10.767696909272184,14.6877511062,864,3182,1604,2103,132,2461,2352.1228182235154
,244.211137271,<5,116,<5,59,17,10,35.03200238071104
,147.56309692099998,<5,33,<5,19,6,12,68.34900427565358
6.721915285451197,114.754791301,73,413,20,234,52,330,1196.1408215721654
,161.34425265099998,<5,401,<5,198,30,479,13.804689039886297
8.495145631067961,148.456157126,315,1412,57,834,152,818,1109.8504150641938
,180.526614463,<5,37,<5,16,5,16,231.4231477163997
,93.8503500785,<5,61,<5,33,6,28,295.846730567831
,366.771808414,<5,63,<5,34,<5,17,226.93185518112145
,17.759441582300003,<5,244,59,100,24,436,1919.240287903688
,100.371004082,<5,139,<5,84,14,32,203.01436405067963
,221.010854054,<5,36,<5,13,<5,14,143.4739523504293
,77.6109540291,<5,70,<5,19,<5,60,26.94400263124439
1.608695652173913,26.4201645202,37,423,37,253,24,1067,512.8582460350249
2.8517110266159698,23.1572559105,225,1927,280,1068,95,3793,2101.202941847618
,29.8191571257,<5,35,29,30,<5,68,10.712916077442197
0.1996007984031936,24.1391571257,7,907,498,425,7,1201,1788.2893879358332
0.6654835847382431,88.3056076015,15,542,17,232,42,948,49.538459557404245
6.5157750342935525,86.1909491358,380,1957,66,989,166,1524,2151.513625575194
,131.971557464,<5,42,<5,19,<5,28,162.9485006614623
3.896103896103896,256.663884049,6,71,<5,59,<5,<5,214.3139930649016
6.790402897238569,13.7084446761,150,908,485,632,30,466,1838.352732193756
10.227272727272728,39.0230465451,126,397,187,237,35,298,872.6556458401435
5.872291904218928,38.4710207725,206,1282,913,586,27,1009,1292.219135058186
,258.707648341,<5,53,<5,58,17,39,68.02508458354885
0.4168245547555892,290.461864682,11,868,<5,584,38,585,1.034884293210303
8.077933450087565,299.02157136399995,369,1696,14,1271,107,897,289.712014397636
4.059040590405904,75.6911571257,77,651,55,437,33,507,397.0901096865583
2.624768946395564,73.8646140887,71,945,106,640,26,710,2238.0054058805054
24.86459871984244,16.0587925808,505,639,159,413,7,1016,3467.7103459669734
5.849440488301119,42.4932703968,460,2936,1935,1306,189,1892,1859.3023506791803
9.23076923076923,15.3256473722,450,953,191,593,27,3519,3039.49827510546
,121.83155936,<5,79,<5,32,7,42,215.09348451974543
,43.7341968675,<5,20,<5,10,<5,58,203.22761768477625
,348.407727754,<5,32,5,16,<5,31,121.98510282967686
0.4008016032064128,71.2896119296,6,431,<5,181,30,324,20.380405210630336
20.22838499184339,70.5241571257,744,1613,31,888,152,345,462.0816926814995
1.89343163538874,9.59900258408,113,1036,334,560,16,5210,3718.809245713034
1.2269345956912376,8.124038390099999,127,1906,537,953,21,8949,3963.529003557984
,81.34471671589999,<5,42,<5,21,<5,12,128.36704028235857
,158.623310084,<5,24,<5,10,<5,39,80.33698812859498
3.343239227340268,90.5481571257,45,360,7,171,30,399,3.657651653887982
6.333808844507846,62.9975732726,222,1308,21,673,245,764,433.095000438126
,132.734157126,<5,577,<5,303,43,233,1.802898384848463
1.160337552742616,122.238360053,11,449,<5,298,27,64,267.8094674426112
1.361256544502618,21.7372964847,13,205,118,91,5,529,411.2821218265348
2.9794149512459374,30.7731501814,110,919,183,454,32,1817,2158.530668509553
33.57142857142857,13.2535341059,47,51,28,37,<5,72,1582.9692072537375
22.23396758280479,14.9665823908,631,919,299,608,74,1425,2635.3874062164823
3.082325399921966,14.9026770426,79,590,158,393,28,1814,2023.341845039017
54.52961672473867,13.4356992291,313,208,90,126,16,199,2063.0129822473564
80.60026098303611,14.9930151648,1853,1090,408,626,114,722,1765.7752351205777
4.252805670407561,76.277987635,72,603,15,410,14,387,2295.832799074217
,323.67415712599995,<5,302,<5,172,17,178,0.5096562352052028
3.7735849056603774,205.226542773,26,326,<5,215,35,53,405.5741321367549
,373.981580354,<5,406,<5,243,31,126,0.8375955051648273
7.109004739336493,359.646708371,45,292,<5,205,123,31,198.7839638789944
8.455799231290978,17.2617357838,374,1174,346,768,22,2211,2743.815893584522
2.01271186440678,83.1712750862,19,193,<5,83,<5,598,35.4833445534444
1.2002341920374706,82.0682893699,82,1802,131,968,37,3379,1483.4443362501866
,34.3425421793,<5,79,36,46,<5,24,9.23311378450896
0.4039238315060589,28.2124313055,21,1293,607,505,66,1778,2098.32094793698
16.949152542372882,83.79126303289999,20,10,<5,<5,25,48,73.60124817954866
0.8759124087591241,410.110782309,6,269,<5,156,16,58,0.3434785891929747
,51.1883228416,<5,32,<5,12,7,53,81.90425358283166
,398.565743759,<5,103,<5,79,5,42,170.68190516578505
1.952526799387443,25.0661571257,51,669,470,345,34,1263,2185.552511928429
2.017164233844348,30.3320579561,275,4096,1661,1962,221,4160,2150.3328720533423
0.3166561114629512,313.451610343,5,483,<5,284,<5,383,1.0073391181629812
9.263959390862944,297.692157607,657,2623,35,1887,268,1352,381.6325323641434
3.901437371663244,18.392816275100003,114,877,468,485,10,1850,3736.63070810878
0.969529085872576,19.7133413869,7,223,138,130,6,439,2361.2041895988773
,164.018441562,<5,148,<5,70,24,68,119.99381527639686
,44.4307999484,<5,368,<5,159,17,915,35.37913413544471
3.4552845528455283,36.0681571257,34,246,<5,91,7,484,600.4068819128007
,109.057073903,<5,197,14,121,8,110,240.8017663316628
1.3673088875077688,193.603069457,22,673,<5,390,45,167,1.314952514179048
1.6085790884718498,185.046225562,6,186,<5,141,12,23,208.812207171477
,98.932967398,<5,93,<5,45,<5,71,177.61673319194486
,163.130548183,<5,278,<5,149,8,121,4.663626556783788
1.6813243662700466,146.115359575,65,731,34,568,20,632,725.2709847027642
,119.396673758,<5,170,8,100,6,198,764.4532818743289
5.95903165735568,151.040196501,32,195,<5,120,13,150,1232.5253491728945
,12.632038185,<5,230,76,143,<5,1294,1889.978986971036
3.882675669972568,11.6057608866,184,1018,318,702,45,3645,2315.187581933404
14.19828641370869,15.7951591197,116,353,182,216,33,148,1862.7073125646336
,156.913173702,<5,41,<5,15,5,27,82.86229105150235
4.237288135593221,371.837066099,10,109,<5,61,11,15,172.44905288733145
,53.079368990000006,<5,204,6,146,<5,47,435.4848536624971
,157.41859929799998,<5,61,7,22,<5,168,144.4911477505146
,54.4561847511,<5,151,8,73,<5,349,169.05837103455193
,48.829031354,<5,105,7,52,8,277,371.2418426304112
,140.098355472,<5,489,6,237,28,477,10.156780683409906
15.48127074442864,144.16967313499998,653,1705,34,1053,120,653,563.5010033423758
2.278481012658228,412.547339445,9,185,<5,125,5,54,256.6444714489501
,238.239038063,<5,45,<5,34,<5,9,351.3117640670489
,217.950816769,<5,30,<5,18,<5,15,449.9638974991123
2.8546712802768166,21.9275772032,33,374,244,184,20,373,1241.7292650643806
5.202312138728324,22.1135638897,9,65,13,32,10,64,890.5304731922846
3.6649214659685865,22.2461571257,21,182,131,89,<5,176,2622.182468363062
10.82891431761094,23.992341847,388,1223,944,643,46,1041,2144.644918652052
2.6341463414634148,17.7727623476,27,386,168,236,7,241,844.6546074785939
1.650853889943074,17.705937724200002,87,1705,766,1107,13,1764,1378.9902721690305
,23.3402195634,<5,136,57,82,<5,235,2146.625493075624
,25.0160954348,<5,8,<5,9,<5,7,12.238825622689602
2.6341463414634148,17.7727623476,27,386,168,236,7,241,844.6546074785939
,20.5940122752,<5,517,115,392,23,856,1056.5729959707637
4.023926046764546,154.745977899,222,1732,66,886,141,2197,45.39002978301356
5.619266055045872,152.920318142,147,901,75,602,38,942,1579.3176341923815
18.82062872406,4.82843752565,916,1015,504,605,39,3779,4853.829377196887
,261.218157126,<5,540,<5,299,46,171,0.8358783169237517
9.717514124293784,277.97399670299995,172,813,<5,592,94,211,389.7875231042108
0.7182087029995775,9.94983167045,17,491,221,291,7,1984,1592.4447326190375
0.2731134938296581,7.6041744275,27,1510,742,912,24,8807,2382.4051856103724
,29.7291705431,<5,40,45,18,<5,194,1326.87439578169
3.440401887654133,37.2073880802,226,2336,2695,1145,45,2205,982.304534958646
,180.387598383,<5,19,<5,7,<5,19,405.4151692130836
,340.892157126,<5,25,<5,10,<5,46,272.26033590248187
,120.351946583,<5,38,<5,34,<5,46,158.55205836688103
,88.2059830104,<5,254,10,142,30,208,4.585796547341579
3.1719532554257097,74.08599630820001,76,774,25,401,53,522,408.5802932929769
,37.7581571257,<5,205,23,68,5,279,945.4925841190644
,37.7581571257,<5,205,23,68,5,279,945.4925841190644
4.522968197879859,37.021324512300005,192,1415,121,765,51,884,1082.1840173741266
2.5188916876574305,58.476510186,10,118,<5,56,20,87,178.38818053492815
,69.88605912439999,<5,79,<5,26,5,82,144.25930200462702
13.568904593639576,27.173781289300003,384,1298,1534,713,66,527,3472.905491575462
4.48950036205648,23.4597247264,62,624,316,297,25,770,2722.3320503539585
3.4258712344949798,9.01061417216,58,431,206,281,17,934,5156.029893701645
1.9510464703795671,31.7068200774,55,817,177,372,55,1087,1348.9234820766208
,70.7080008542,<5,327,11,189,21,132,22.097037514328917
3.121387283236994,73.1463185108,27,309,18,212,7,83,1176.2895036568675
,295.660289126,<5,167,<5,84,10,44,1.6837578538340596
,299.487341425,<5,190,<5,147,5,34,285.65125217667355
,9.66063598081,<5,47,7,30,<5,340,1655.2890217738582
,272.877585666,<5,351,<5,226,28,290,2.920182673505759
6.67779632721202,273.146690196,40,224,<5,138,31,111,633.342221708894
,113.198642338,<5,587,12,311,21,400,7.667542624814099
7.594128908742821,118.70942721,119,672,27,430,25,218,692.4154687636563
0.9914375844975214,214.897666732,22,844,35,500,118,316,6.415631492649936
9.612403100775191,212.05035205,248,1173,40,791,110,387,651.9446681897668
,89.6932743277,<5,779,17,377,29,923,6.8481290588573
12.240868706811453,85.2895135655,248,782,16,499,15,483,630.249884524893
,321.013204829,<5,149,14,76,20,44,65.09347057679942
,221.488328864,<5,39,<5,28,<5,12,55.38029525696176
,122.313859882,<5,173,11,108,6,353,1434.5167394368937
2.5700934579439254,328.505276051,11,96,<5,70,9,76,558.2018461672884
0.5287009063444109,121.633157126,7,289,<5,260,12,710,591.7874889842155
1.5594541910331383,349.260368523,40,785,<5,448,195,455,2.5638868520015348
9.2343658679135,319.951477359,316,1290,31,795,256,342,328.7059693443312
3.9367933524043046,30.0643940655,289,3337,3043,2189,157,1401,2247.893115038265
,72.0400424529,<5,130,<5,61,8,192,5.766705793421748
0.9009009009009008,71.23686939150001,5,186,<5,110,<5,90,445.5839948253168
,90.1011031278,<5,635,<5,390,38,200,10.674843290650855
2.142857142857143,85.7567008394,9,172,<5,113,8,33,730.3554333215568
,55.217714570800005,<5,108,14,61,<5,73,91.7574569697201
,61.3836189169,<5,97,<5,29,8,124,133.6533805195847
2.233189389265885,57.322304414,181,2172,66,1024,111,1735,760.1761461984682
,61.8888146294,<5,249,35,121,68,271,6.800335280574066
1.9337016574585637,60.3302856811,84,1238,46,625,103,1138,1035.5267063024992
,19.9801571257,<5,149,128,119,9,544,331.50452384651624
,20.428930272,<5,24,<5,30,<5,<5,6.468446761311786
7.945041816009558,20.5677974674,133,669,398,355,38,481,2635.5409108098875
,132.602407749,<5,67,<5,35,<5,27,208.2432866023176
,265.342155715,<5,58,<5,49,7,9,292.9521755887117
0.7125890736342043,136.049735129,12,567,<5,311,27,398,6.239801054528196
5.443998215082552,133.098642403,122,825,19,565,41,452,772.9332100477297
,84.87115712570001,<5,164,15,111,<5,79,41.50391943348794
1.6179540709812108,85.3105258981,62,1178,45,589,72,894,757.8677246470847
,95.7421571257,<5,63,<5,27,15,30,203.59473647572588
0.9395973154362416,51.8511283518,7,208,8,93,19,128,51.178579236542255
3.691550451189499,42.5489531669,225,1779,164,1012,57,1566,556.5092691599448
3.3707865168539324,271.80025912,6,61,<5,51,11,28,302.1219929104189
,146.914430953,<5,93,<5,41,<5,25,154.46882147534825
5.851063829787234,165.475157126,11,89,<5,67,<5,<5,53.306607759734966
,49.3962955162,<5,21,<5,11,<5,21,497.0731874873349
,266.505123244,<5,240,6,132,7,32,114.69061224031516
,202.99427956,<5,91,<5,62,11,14,495.7764818649808
4.705181655747468,152.941753003,79,595,<5,369,59,336,356.19349042117733
40.32921810699588,152.418917084,588,760,6,478,167,173,977.8783955866484
,89.3664714294,<5,162,<5,83,12,37,575.8947260761323
,136.970904765,<5,63,<5,18,<5,55,4.458884302638726
,140.92917866599998,<5,151,<5,101,<5,187,232.5611954325172
2.846299810246679,68.94571883110001,15,166,36,101,12,88,1215.15516207712
0.7787151200519143,25.4087639486,12,281,22,192,12,845,573.6439337335994
0.2446183953033268,43.676152424,5,491,573,188,25,799,1849.4235109619565
,45.2343230074,<5,278,227,120,8,919,1676.580818076388
,38.6631571257,<5,56,14,15,<5,122,208.6442259571835
4.228222109016811,35.9710183082,83,323,89,103,<5,870,1686.290335612155
,310.527222058,<5,58,<5,47,<5,16,153.39743614512847
,63.4771511853,<5,42,<5,7,<5,82,13.37980022914222
1.5450643776824031,61.1493550966,18,243,<5,103,15,613,128.0269829897554
3.4456740442655938,17.9891571257,137,1043,287,712,17,2276,2038.0005324487493
0.5312627707396812,235.167554856,13,791,<5,403,63,487,4.276604059508258
8.92018779342723,220.923847465,171,768,<5,517,49,291,866.0205673916603
,123.499912044,<5,32,<5,13,<5,49,40.06258571685108
,153.289340953,<5,241,<5,98,21,393,361.7856772320444
19.089147286821703,9.93834103251,591,1020,1013,630,23,1454,2627.3160513536363
,147.058858075,<5,222,<5,108,8,144,2.68010214998422
2.01765447667087,142.96398797799998,16,309,<5,166,<5,200,165.64751108701162
1.397712833545108,514.148828551,11,272,<5,127,5,144,162.06070126433724
,96.3091810429,<5,87,<5,36,5,100,210.75980936987287
3.067484662576687,13.6392645696,5,67,7,21,<5,121,1118.080895991706
0.96048632218845,13.9627120319,79,1800,583,997,21,6573,2795.9465709793026
0.515084621044886,11.5832407394,21,611,213,423,<5,3559,3686.421645860236
,420.403157126,<5,50,<5,51,8,24,121.26424392549184
2.7312775330396475,76.0584551284,31,343,35,251,10,515,2818.966468156253
,240.456322024,<5,662,14,381,29,591,1.3320047978989062
9.320905459387482,188.423729903,140,559,14,338,23,252,291.16274281926707
,188.849531334,<5,28,<5,15,7,36,85.72949863462048
0.4842615012106537,9.99328496683,20,936,844,477,13,2571,2023.508959020945
,386.802335382,<5,70,<5,48,9,75,178.39753566731332
,154.802558773,<5,56,<5,34,<5,25,135.57579514466764
0.8361204013377926,78.84001963690001,5,217,9,143,10,160,1174.6579496352872
2.431533145636038,179.953831894,95,1758,8,1022,75,474,3.2415588565774742
8.679977814753189,168.27689261199998,313,1838,<5,1306,80,342,756.0823489940876
,73.7979712534,<5,48,<5,22,<5,60,167.5534853945681
8.51063829787234,97.104702347,16,48,<5,24,<5,31,110.71989362036264
1.2616566099835436,88.3336728015,23,342,13,206,<5,309,800.3610670187944
0.921435499515034,14.3011571257,19,460,199,209,6,1487,3808.949125354042
26.257722859664607,20.5699754329,1190,2373,2615,858,111,788,3380.9200163207006
3.902439024390244,149.54662122500002,8,83,<5,48,<5,31,236.37708350249324
,24.5729847292,<5,7,<5,6,<5,19,5.200814823652639
1.078819903126376,1.61252392553,196,4432,1514,958,35,11618,5283.936586695952
,48.9687999538,<5,301,50,147,10,369,12.415676774635529
4.6494506739155055,46.503153771600005,821,5981,935,3171,539,2809,901.1678783659768
1.4144011756061718,21.4002228363,77,1353,264,921,10,2551,2799.843733133863
,51.2681284522,<5,50,<5,11,<5,103,199.8643819532624
,552.683442358,<5,386,30,179,86,185,27.35377897706123
8.066298342541437,552.288767387,73,443,6,327,123,51,402.0389042157786
,109.581614409,<5,63,<5,27,<5,27,184.89392957920464
,350.21081682700003,<5,51,<5,27,<5,<5,76.77075311684841
3.4262948207171315,43.4614125969,86,468,133,246,65,828,1124.876588184036
3.0303030303030303,198.002197607,6,84,<5,54,10,14,324.5677480920604
,310.86833793,<5,152,<5,79,10,151,131.15146791186146
,6.39732307101,<5,81,6,77,<5,495,4448.956632923143
,5.23955803748,<5,262,71,210,<5,1641,5074.650816829124
,255.276551844,<5,30,<5,10,<5,21,184.55805360650103
,632.931480846,<5,705,59,388,92,349,0.5199193502786208
13.09151553053992,541.668983013,1884,5753,771,3779,1431,2481,784.9813505317629
4.844961240310077,35.8329035853,500,3138,1655,1506,205,3627,2399.335200512389
1.7808219178082192,72.60518530680001,13,316,9,194,15,79,660.0970901718664
1.2716763005780347,122.564925188,11,187,8,76,30,287,880.0810858409345
,308.148050124,<5,121,<5,72,5,22,274.53185656738964
0.4129387474191328,159.38693643500002,6,480,10,245,28,308,5.606363658214534
1.610541727672035,153.082224055,11,257,16,133,10,193,276.41278583273726
2.4207676381589427,25.9833334724,152,1620,615,923,31,3650,2375.054534927611
4.80349344978166,121.982383673,11,84,8,44,12,41,171.61094200777382
0.4297994269340974,161.003458635,9,656,<5,387,36,392,4.1788685013788704
14.091520861372812,135.978077235,1047,3295,163,2095,266,720,689.8515522900292
,57.7060873342,<5,707,20,294,14,1301,103.05784685175423
,53.6306828878,<5,369,8,173,15,319,564.6962604865125
1.2720156555772997,18.1578930774,26,476,197,246,14,1559,2557.745989914424
,19.941312437,<5,392,138,209,6,1804,2929.919900438053
,27.2814074732,<5,72,<5,27,<5,186,1720.4486791285435
1.3926815947569635,26.0675954962,51,881,48,490,37,1909,2317.1250061223027
,46.8218387822,<5,240,11,103,8,568,303.0012785072351
1.2150668286755772,38.8951571257,30,690,8,354,40,834,664.571126006053
3.4653465346534653,79.6892008912,7,66,<5,40,<5,37,46.62370247543379
4.534805890227577,7.095157125699999,271,1312,598,1015,31,3745,3297.9312169142
7.926829268292683,23.416252344,13,56,19,39,5,42,274.79024372783164
2.967227635075288,17.8643691683,67,649,201,444,20,1104,1220.0571017823472
2.950776863820342,37.7195799729,226,2147,349,1013,108,2319,1706.6882087363208
6.3976083707025415,24.7449091315,214,868,203,504,29,1469,1814.169026998924
,99.3741571257,<5,38,<5,23,<5,84,463.9915991926253
,71.6972985135,<5,54,<5,24,<5,95,13.42975560865944
7.513791135628685,70.269839793,790,3391,100,2043,127,2779,1109.4104110263097
1.1263073209975865,214.604618966,14,455,<5,317,18,182,0.9371633591671796
,215.64025458,<5,251,11,179,28,55,207.13685825518843
,156.062378095,<5,200,<5,95,13,185,10.419289827688976
14.088314809252028,153.86751448400005,938,2968,209,1899,413,646,1081.3271802837785
,359.475070901,<5,168,<5,119,<5,146,2.3740030025953893
1.1711711711711712,354.360514108,13,344,7,174,<5,257,140.55398529376524
,253.986157126,<5,<5,7,28,<5,52,10.899661203040091
0.7467532467532467,132.858154672,23,868,45,376,64,1474,31.78921527635004
9.718875502008032,118.224181765,121,408,7,203,25,474,426.083700463388
,47.7704141591,<5,135,<5,51,<5,291,256.7971945633707
,99.0966262603,<5,41,<5,19,5,19,127.75799967909109
0.1812141347025068,60.1216957516,12,1295,70,694,24,3609,777.4937274889257
,59.5361571257,<5,59,9,33,<5,52,17.038756937598006
0.9803921568627452,43.8385996577,33,908,26,408,48,928,567.1719766463372
,119.144596632,<5,204,7,84,9,432,464.90524734141496
,380.071647683,<5,<5,<5,47,<5,18,5.55947464182429
,78.0442307383,<5,39,<5,15,<5,92,36.93879725081656
0.4282082162451492,80.5195809264,32,1606,30,744,36,2476,1040.640589392228
30.386740331491712,116.170660547,275,370,9,178,25,286,1070.8308713089643
1.8359375,21.6283786418,235,3622,1803,1888,32,8728,2236.455299854284
,263.935192752,<5,50,<5,30,<5,<5,506.9003932431529
4.433934377771209,26.7201571257,300,2053,1274,1107,44,3402,1757.9484334806548
2.1798365122615806,160.941593942,8,163,8,81,25,43,276.83154001720925
,550.054120153,<5,62,<5,45,<5,16,33.607646843908746
1.916105644743656,16.4231571257,74,956,370,576,10,2735,3622.0076919682256
,298.417455591,<5,177,<5,101,17,78,0.875052931732799
2.0050125313283207,302.882157126,8,192,<5,122,<5,48,255.26001153002187
,68.74855563659999,<5,17,<5,8,<5,12,307.0531988277171
,348.201614007,<5,439,36,257,19,290,1.1873283555645548
9.167303284950345,296.851157126,120,618,76,417,33,159,242.91865718997843
0.970873786407767,141.30616503000002,8,273,8,154,29,114,1.642702272495745
4.479418886198547,136.497039351,37,304,10,237,18,86,475.2984297759792
,68.7736077202,<5,54,<5,27,<5,22,567.2725668367094
,40.821142887,<5,179,58,60,<5,333,230.6725160655283
0.5303476723629935,40.6281199669,9,319,160,111,15,667,548.8510363349411
3.294036061026352,45.6145124711,285,2254,1159,692,96,2954,2298.4370519554327
6.005647263249348,41.8093141959,553,2968,1157,1296,138,2339,1916.3790776678215
1.7006802721088434,243.065630937,15,376,<5,188,80,91,1.4833743577430425
4.237288135593221,231.760916106,30,331,<5,240,58,92,533.2642013560414
2.3255813953488373,322.478493956,5,90,<5,58,<5,53,361.42350155817707
,105.779201404,<5,329,<5,176,15,265,2.755884837503093
1.9169329073482428,109.134565918,6,101,<5,69,<5,66,288.80414684833727
,112.557996985,<5,43,<5,26,<5,128,467.9670648486296
20.987115090631143,81.2349319465,961,1895,79,1173,120,510,317.9551004226824
2.5385312783318223,78.13018779939999,56,989,51,658,39,290,1886.5719671346087
,124.926405739,<5,71,<5,46,<5,42,502.997440292493
1.6518424396442186,117.356802709,13,269,8,178,24,365,806.4368439344626
,298.712047829,<5,91,<5,38,<5,47,310.39617491237544
2.0682926829268293,11.6539204608,106,1059,443,778,32,2942,2566.4035469211503
3.460207612456748,137.48331313900002,10,137,<5,76,<5,74,163.72657674232673
4.531722054380665,76.80544460990001,15,91,<5,63,<5,150,3231.382115258491
2.4024024024024024,77.627112408,104,1066,76,697,63,2249,1732.2327955224011
0.8050089445438283,407.914157126,9,403,<5,261,23,156,0.3634948427764373
2.4520255863539444,372.960543925,23,374,38,287,9,147,565.6096720599135
,537.270927545,<5,26,<5,15,<5,56,231.86260602155085
5.473965287049399,12.092193622500002,41,219,58,138,8,338,2325.375692994669
1.4153245485602732,15.5404034713,29,528,113,425,11,872,2865.934470193465
,107.657831403,<5,28,<5,15,<5,12,286.04760998389463
12.026883622214362,28.8433854093,340,1088,740,624,7,705,2074.912557438269
9.004654493376298,34.3953767819,1006,4938,4175,2813,117,3286,3525.522434181697
,216.831589644,<5,23,<5,19,6,22,132.9262303700833
2.2977022977022976,77.6915589996,23,312,53,171,12,249,31.70806238551101
39.87341772151899,67.10690624300001,1512,2059,446,1381,154,215,1325.5544902470826
9.719694211867491,166.32863810700002,267,915,37,516,83,705,50.24558213524326
12.165308498253784,153.685752139,209,686,54,444,98,357,999.1970058018068
11.702127659574469,69.3109865729,132,442,93,301,15,290,443.7835795533062
31.291834002677376,3.46800720451,1870,1586,812,806,43,4378,5417.942002340716
8.426966292134832,67.7770489418,15,58,<5,37,<5,50,1431.13837799168
,33.1144096557,<5,128,<5,48,<5,736,521.6052043082419
6.336034364932149,6.83484493751,649,2405,1282,1603,143,8237,4157.53189202046
4.110996916752312,22.4101571257,40,322,117,90,5,609,2142.8223634356978
,227.732133861,<5,555,7,272,58,201,5.128286476266468
4.767123287671233,226.051821602,87,831,9,560,48,239,606.3222651547294
5.102495543672014,23.6595538222,229,1336,597,731,28,2544,2265.396112955744
,364.326361228,<5,72,6,49,5,8,381.1800123330572
10.37344398340249,365.680662207,25,118,<5,75,18,6,461.9133052965024
,100.301031986,<5,79,<5,43,6,23,249.5233505896527
2.0859407592824364,12.3760155113,50,681,240,415,21,1094,2978.7360320272064
1.7248632730332352,20.4090795039,41,758,500,389,19,1419,3093.7305317615446
4.30416068866571,21.4994323215,150,1137,686,682,26,1621,1448.9247486601048
4.386566141192597,18.3862461453,128,845,610,501,7,1818,2297.155643724116
,93.8011571257,<5,162,12,87,12,349,20.38579839808387
1.1357051802062812,96.2523805377,98,1913,17,971,65,3021,970.0897500902788
3.1088082901554404,53.875861743,18,87,12,61,5,175,97.028167598436
,43.6691571257,<5,133,<5,51,9,299,140.99890530006184
4.320987654320987,402.439239018,7,45,<5,29,<5,21,152.87623554102845
1.28,450.613409102,32,822,<5,449,99,422,0.3788495616427045
14.845173041894354,373.093332357,163,557,9,373,155,109,590.7301534240372
0.5626295528575659,13.9499794081,19,827,320,444,14,2430,3983.5016761532606
1.4573991031390134,485.075297824,13,308,<5,227,20,135,0.142720358003146
2.268760907504363,440.900562536,13,199,<5,162,11,65,196.07684567086105
,250.613682764,<5,45,<5,23,<5,47,236.745273667706
0.34808552958727,70.4675909004,7,526,20,292,20,467,18.630217168913628
4.27736657576938,61.3738660378,549,3949,388,2041,250,2425,1459.1135912184045
,41.5028294273,<5,18,<5,5,<5,36,523.369197738742
,28.5277247697,<5,171,21,81,<5,851,410.07928500978574
2.2615131578947367,22.8880179345,110,1211,152,801,29,2280,3292.8321612800146
1.245753114382786,5.28285803125,11,193,76,96,<5,684,4272.549621148679
4.016268429079817,3.68885440655,79,366,197,123,27,2141,1652.315390709094
0.8333333333333334,9.05531234632,31,1023,456,704,39,1888,3323.0708247286107
2.4578971324533456,13.0519507336,162,2039,867,1483,52,2687,3191.2022690828467
1.341054556537641,46.3311571257,44,786,148,482,14,943,1843.936409803943
0.3652300949598246,294.826069654,5,396,<5,189,23,266,9.739821308746553
0.5353319057815846,296.50896794,10,692,<5,356,29,308,756.1005412664048
,59.3034905924,<5,224,8,105,20,166,520.3619558523575
,274.086163973,<5,101,<5,72,6,20,125.84867956537704
,239.429480829,<5,19,<5,23,<5,<5,84.2166537480145
,97.3828119641,<5,78,<5,46,<5,13,1669.4100247977235
,26.5801309146,<5,58,8,22,7,195,585.7219529196581
,35.7191276798,<5,47,8,36,<5,20,24.000865525195906
0.4336513443191674,26.7151571257,50,1884,1589,744,132,7679,1013.2913457898044
,100.55763017,<5,26,<5,15,<5,26,3.725586991887182
0.8831321754489255,103.357077668,30,553,7,340,16,888,404.7427882020695
,110.062298432,<5,51,<5,24,<5,14,250.200153437972
,317.610736022,<5,106,<5,50,8,53,300.8129483240372
,232.653376976,<5,67,<5,42,<5,12,345.69562184838566
,228.03461018700003,<5,28,<5,25,<5,40,139.84394420016318
,311.825856613,<5,197,<5,121,<5,133,2.917820666940018
3.556701030927835,287.344360445,69,510,8,340,21,470,313.2921140493549
11.745796241345202,5.83159378799,950,1331,446,979,21,4987,1669.114239181555
,104.575179563,<5,258,20,143,8,163,23.96103069860038
,103.792410191,<5,715,18,447,39,326,499.2015699819207
,368.42499617,<5,328,<5,175,23,270,7.019548077607906
,183.672015097,<5,134,7,92,10,46,280.87714868902657
0.3748125937031484,112.903647363,5,23,<5,30,<5,137,40.42436083549885
6.709515598056122,6.38206272778,428,1142,494,796,16,4223,6545.496300874135
11.117322897532146,10.3512084821,1392,4160,2562,2597,298,6361,2786.0918792264056
13.564356435643564,4.14994422262,137,193,61,119,7,916,5077.353823691376
,94.8230194914,<5,73,<5,28,<5,23,116.0037609621656
9.523809523809524,252.000570748,24,123,<5,91,8,15,460.4292165232805
,317.783258477,<5,62,<5,37,8,7,172.54840486614927
2.0892687559354224,150.325805068,22,277,6,189,20,480,981.936813171086
,416.862218474,<5,72,<5,50,<5,27,0.1056191788725559
,415.475058213,<5,140,<5,85,6,33,251.75904429785072
,171.272588901,<5,66,<5,18,<5,15,321.3904152974382
,301.267931132,<5,126,<5,61,12,61,74.09699801293179
0.6329113924050633,507.813806195,13,720,55,408,61,338,3.3195821436839448
10.151006711409396,527.141621039,121,560,17,384,94,101,760.7147370313396
,88.1449764904,<5,53,<5,20,<5,102,683.4548039104737
14.29471032745592,117.007681056,227,723,7,459,26,282,1360.81502822979
,42.289320704,<5,109,<5,34,<5,395,42.92053237985049
2.8205128205128207,31.0215984314,22,133,8,77,9,463,499.99427661150366
11.285588494276489,12.970583477100002,2307,7881,4609,5511,542,6766,2630.14668551375
,137.29125549,<5,109,<5,53,<5,61,598.5456926528736
4.568527918781726,6.06833256254,9,30,9,28,<5,166,6285.540707636807
22.52082992975004,4.10318039384,2757,2458,2077,1723,60,8664,5799.921540523047
,50.737807085300005,<5,111,7,80,7,173,7.37417048505638
,61.2615014466,<5,201,<5,114,19,387,290.01748055873844
3.951081843838194,30.3093530438,168,1194,334,666,40,1767,2087.827999984374
,37.2799294287,<5,7,<5,8,<5,32,779.9334662358827
0.8340523439746909,29.8764876304,29,726,151,337,34,1957,1887.7179969697293
5.798932884021342,28.6052977001,413,2251,804,1321,56,2933,1687.2245006113965
1.0540184453227932,8.08823806206,8,165,44,107,<5,506,5542.462566960238
,439.139893524,<5,250,100,161,76,105,1.0763655355734514
31.77777777777778,469.461611084,286,340,230,337,247,106,277.4868156780309
,204.833078713,<5,395,<5,234,31,172,2.979211292103428
9.576138147566718,190.524777322,122,493,33,371,26,153,433.5791392941363
,34.7647911158,<5,117,22,99,17,22,769.8885670030074
,62.8519902908,<5,100,<5,66,8,217,7.640364960849308
0.8739985433357611,62.4674272003,12,396,18,195,25,300,699.7780502702877
12.10762331838565,17.873742145399998,27,47,9,24,<5,116,2085.323700153646
0.4221954161640531,16.634460168900002,14,855,277,595,21,2134,2471.826388503257
0.6008359456635318,95.3544980883,23,553,13,324,7,886,29.444191135894787
3.3786358440238797,90.5117022584,266,2786,71,1772,138,764,1028.463503431569
,95.7658569558,<5,484,29,291,23,129,805.9109637134869
1.8660140715815237,94.1171571257,61,1139,30,747,60,231,878.5265857349877
,189.719303336,<5,95,7,47,9,53,2.4869829523349654
2.9411764705882355,186.548166648,15,231,<5,132,18,27,423.6784536280731
4.533042053522665,36.7797500656,83,316,76,94,<5,805,166.49613229575382
2.2549105963181537,31.5689037074,256,2640,1069,1035,77,5361,1780.8600033592677
4.209940652818991,24.0947202302,227,2156,2375,652,102,1703,3417.856652921861
,287.540528588,<5,89,<5,60,14,21,269.1160612480658
,184.885617998,<5,198,<5,104,9,77,1.8825013631979564
3.207547169811321,180.204070763,17,248,14,163,12,49,220.7057666118305
1.98019801980198,296.476325477,6,83,<5,61,<5,87,1.4866176817731718
5.438066465256798,292.543232413,54,359,<5,248,34,205,420.0709147573833
0.6517690875232774,99.1457777118,7,168,10,91,<5,189,61.23971569810728
0.0605326876513317,102.437716306,5,1483,90,900,71,767,574.8926507887838
0.1970055161544523,81.8461571257,5,578,45,281,22,309,615.8678375332398
,164.749313212,<5,116,<5,80,19,60,161.06590260501406
3.304384664266045,223.549868421,156,1030,22,571,163,501,3.408725517116872
10.48428207306712,213.574645471,617,2100,86,1345,203,1286,654.6087592741628
,109.466042199,<5,516,13,292,15,162,21.48674609610267
,123.360489329,<5,184,9,112,<5,127,307.912174352853
,46.162157125700006,<5,120,41,40,14,571,1074.7865454547896
2.2244950140628994,17.816200076199998,87,731,86,520,17,2705,2745.9580478843645
,186.609885244,<5,30,<5,24,<5,38,184.80819952177688
,43.970534719,<5,84,<5,30,<5,285,338.5591216020736
,235.735169587,<5,29,<5,18,<5,41,64.43468138127737
3.679245283018868,28.168886066,78,551,242,221,13,925,679.2396696185978
,342.114638532,<5,104,<5,72,<5,37,0.1986357490067042
,351.386800956,<5,141,<5,110,<5,42,261.41503521849705
,24.0805808387,<5,132,112,65,5,529,407.748683451667
3.5413153456998314,24.3525541983,63,473,211,214,25,667,3210.920979029981
7.083716651333947,51.0321651484,539,2564,172,1534,135,1698,1345.814395869135
0.7547169811320755,16.8852083939,6,229,41,157,<5,320,1805.7522721989333
8.882352941176471,155.368150544,453,1867,21,870,115,1063,6.661000098189975
13.881151346332404,119.53236314,598,2000,45,1228,176,518,1176.4797823645963
2.4752475247524752,8.16890534929,5,34,30,26,<5,143,4848.621170725866
6.905481225722918,7.54690653339,160,498,361,336,20,1506,5315.61037323504
,51.034090071600005,<5,133,<5,43,<5,265,261.3633777225072
,55.7423532996,<5,69,<5,29,8,41,944.1767449072088
4.553415061295972,113.928672109,78,433,19,245,28,416,3.183853938341972
22.189887231720625,111.336830765,610,1144,31,756,128,336,479.8160522543145
,195.929157126,<5,16,<5,15,<5,11,404.55688068073937
0.570884871550904,206.701946066,18,973,70,610,148,751,5.353654601671567
13.020631672105758,188.24190679,2354,6727,1554,4373,1733,3542,612.9051393274256
,47.8366816104,<5,25,<5,16,<5,81,29.24955831813612
,90.3866567146,<5,25,<5,11,<5,117,155.3405635198348
0.7156308851224106,49.7820374088,19,669,70,289,42,531,483.804510658912
,134.91141220300003,<5,32,<5,22,<5,40,316.19041716807
,134.856006166,<5,85,<5,44,<5,36,85.82310073753538
,153.655314461,<5,56,<5,31,<5,13,67.10848339176461
2.039329934450109,115.192305099,28,422,13,277,23,630,1900.5733119970523
,84.0823483837,<5,137,<5,82,<5,287,354.8781823388118
,65.42675928679999,<5,790,30,355,50,690,79.41509540345454
3.0459473412493545,63.2410324041,118,1117,15,586,62,796,749.0815344131297
0.3748125937031484,112.903647363,5,23,<5,30,<5,137,40.42436083549885
,106.83926235,<5,211,<5,145,<5,312,212.38926139119053
2.598870056497175,10.6398622568,23,228,72,181,15,391,2632.9810909345338
20.473372781065088,3.35458496333,1038,1130,494,683,37,3487,4318.648935379637
3.222180591982016,44.9474346761,86,503,133,268,65,873,246.82567575196103
1.4009243212016176,39.7999266388,97,1695,763,809,118,2375,1626.3359834153794
,2.9551571257,<5,<5,<5,<5,<5,22,163.90044769801025
8.372651625632667,4.48590789939,976,1724,577,1068,74,8334,5853.942036585714
0.0989399293286219,2.3295875823000003,7,980,435,229,<5,5189,10635.359415485296
2.131603336422613,10.2136846805,23,272,78,196,17,485,778.1767096603388
5.789473684210527,151.779528501,77,478,<5,275,31,499,920.851443193126
7.3862223327530465,29.1102412755,297,1795,2720,860,30,1070,2807.623665074372
3.07909604519774,26.1029271851,218,3429,4640,1845,37,2343,1888.5368500078343
,21.9437536565,<5,127,100,63,10,133,811.9368280109552
8.290942221547338,22.4731571257,1092,5878,6657,3770,118,2952,2881.1729796550258
,101.434389047,<5,91,<5,43,<5,127,289.3070207359433
,45.8888534139,<5,40,<5,10,<5,56,150.71595992867682
,253.352796544,<5,402,<5,224,23,146,0.5065609659668793
6.488888888888889,244.184400972,73,516,<5,376,16,107,413.0935258391616
,28.435590447400003,<5,246,18,108,15,1075,1618.424673530489
4.830421377183967,29.5432112532,47,253,18,128,7,434,1773.6944638441114
0.987166831194472,6.34351887233,10,117,13,105,<5,682,7584.208347929858
,8.092196929149999,<5,57,18,31,<5,109,5458.8856092743845
1.8428861471185385,7.69148504037,118,1235,369,806,39,4227,5929.98903495722
4.308209483368719,6.11121189903,487,1783,363,1303,68,6710,6205.348909548696
0.5589714924538849,6.33489896471,10,198,19,182,<5,1177,5893.982048252029
,196.034328672,<5,121,<5,82,7,11,314.8866480951349
,242.038429757,<5,351,<5,219,28,240,0.937511372801386
11.066471877282687,235.128502151,303,1168,17,842,89,323,303.5358323177994
1.7735334242837653,230.833567547,13,270,<5,147,32,101,409.9331475122032
1.3601741022850924,172.91493790700002,25,451,7,242,21,718,28.18215218631742
9.84628167843789,154.561788148,237,739,23,459,50,871,1637.5086645694864
2.062588904694168,159.13688949299998,29,329,6,100,40,690,433.5997336776626
,247.481119075,<5,80,<5,62,<5,19,353.81319321163943
3.532608695652174,16.8616461478,13,85,6,41,<5,139,1416.5007750774637
0.3008021390374331,11.1534350649,9,652,132,443,25,1766,2453.2930752513525
,41.0237515351,<5,409,50,220,36,314,15.318674602321927
2.5962543203922515,40.687688818000005,323,3264,173,1695,269,3239,1175.1391749417448
,134.112157126,<5,63,<5,29,<5,27,317.6924047682268
4.570461278036395,15.8945421007,108,1000,573,633,41,712,2826.636134784352
2.6142064959070503,22.3075162371,99,1713,2194,1087,40,975,1406.6468709325588
2.623906705539359,13.2191716647,90,1378,1154,810,64,1242,1979.365169302372
9.164639091646391,18.1860067924,565,2619,2783,1715,67,1496,1853.27855411004
,131.452905026,<5,115,<5,65,<5,96,448.5448514867383
0.3940110323089046,16.719879881100002,20,892,213,520,21,4600,3151.3656061432853
1.3097345132743363,354.333388858,37,1073,64,624,163,349,1.6506722392665738
14.71947194719472,337.586703207,669,1739,140,1308,419,783,646.520345132926
1.7643710870802505,26.2539966549,62,953,562,461,12,1378,3081.713389527543
,168.939314277,<5,65,<5,49,<5,16,85.97187626122319
,399.672804512,<5,411,<5,269,35,292,0.918783034027846
2.417582417582417,360.47265682,11,194,<5,122,18,69,587.8968323294471
,98.7086768583,<5,26,<5,19,<5,8,148.62860398086266
,208.794402777,<5,30,<5,14,12,15,753.6364762398598
,341.846157126,<5,58,<5,30,14,17,581.1290468183945
,34.3445794318,<5,87,30,69,<5,45,7.1896249302735935
1.0719957649550027,28.7073377173,81,1693,853,807,92,3357,2152.374384803036
,176.459625286,<5,534,29,261,77,295,5.580607833934837
4.63980463980464,180.923723056,76,600,85,423,95,331,450.14395232005074
,352.851206123,<5,56,<5,26,<5,43,217.3294570281652
1.1302795954788816,29.1732365058,19,398,338,154,17,827,2742.603624062896
0.5488474204171241,29.0220006488,20,914,682,345,18,1571,2766.783187191485
,32.5611571257,<5,187,76,112,<5,284,98.72732085073288
0.6717850287907869,23.8226397894,35,1373,717,699,18,2062,2242.898962251608
4.523809523809524,45.0305657997,38,222,15,115,10,353,1279.3753744179753
,98.8872437466,<5,161,11,55,14,149,117.06090996851395
0.2927971891469842,16.4675674827,15,1377,780,757,9,3091,2322.549747791082
0.4400812457684495,22.4970969698,26,1303,744,593,13,4237,1076.8766977398132
,227.052161188,<5,249,<5,171,19,184,3.274959716705922
4.616998950682056,217.255157126,44,401,<5,285,19,124,202.83494602818124
3.6875,39.6889177118,59,386,13,200,27,486,770.6908084364904
,53.0623725763,<5,95,<5,40,5,223,273.89873711506215
3.513224686080684,28.4553928008,263,3527,3483,2240,137,1580,1454.038437023231
27.573529411764707,77.2106794376,225,389,16,248,11,165,1767.7872823749235
5.493300852618757,8.61471720397,451,2270,1221,1552,129,5002,3480.079882678264
,216.280827014,<5,120,<5,86,<5,54,254.7815868056559
,236.747868624,<5,161,<5,88,17,73,3.665168624690212
2.5830258302583027,229.765460611,14,243,7,154,22,45,646.6531815355686
,180.352654755,<5,18,<5,12,19,33,472.32160351193846
,182.975074531,<5,59,<5,41,<5,28,295.0232792099156
10.970464135021096,182.18994361,26,121,<5,74,11,24,466.151756741229
,64.38765764189999,<5,116,<5,73,<5,42,763.0695159776278
,6.91234032793,<5,74,18,48,<5,537,827.669450693719
,7.795500624160001,<5,900,143,670,11,4966,3195.3606589909195
0.3827018752391887,96.0958593885,10,519,35,320,23,149,802.2344110880476
,96.247336477,<5,202,6,95,14,387,11.041136161435418
0.0708415981864551,101.106915553,5,1227,21,578,69,2701,845.4056897849256
0.3980891719745223,122.516157126,5,415,8,218,10,302,10.319366472923518
2.503681885125184,124.879892856,34,460,7,306,27,293,1005.3595481448888
,185.194026545,<5,581,13,325,25,551,3.646134821599021
,169.622507661,<5,47,8,15,<5,44,97.16372951013416
,171.255733604,<5,26,<5,13,<5,65,99.25040593238468
8.486196034834167,162.844718488,916,3307,207,2033,241,2451,1059.9824340983696
1.245753114382786,5.28285803125,11,193,76,96,<5,684,4272.549621148679
,101.432110895,<5,127,<5,71,<5,113,319.3818053056586
1.7477724468814255,22.1000748368,51,720,521,371,89,1481,948.4736144098096
1.1926605504587156,24.2651571257,13,215,54,83,17,510,101.69659512228682
2.3280055594162614,17.9442158256,67,931,314,654,32,608,823.7977749450313
3.5294117647058822,249.709645218,6,78,<5,52,10,<5,254.07683591258984
,69.1558054291,<5,334,9,136,23,246,213.81203817148835
,169.054157126,<5,19,<5,10,<5,17,137.24928895598998
,84.5138160318,<5,55,<5,23,8,35,187.37561356912047
,73.509456356,<5,35,<5,21,<5,21,547.8980650301066
,489.60109707900006,<5,35,<5,28,<5,13,114.6292817859366
0.4122011541632316,41.383301898700005,5,300,19,176,13,402,1130.2940793096034
2.775748721694668,47.2921133716,38,323,19,170,14,667,345.11541784533966
1.413292589763178,44.1551537901,37,601,11,295,16,1154,1056.5194419266963
,143.514476804,<5,114,<5,50,<5,93,209.08447974729648
,174.52440496000003,<5,177,<5,98,5,55,34.54963123214768
,22.3898973955,<5,1053,567,496,23,2633,1936.1269345529183
1.227621483375959,28.4108661029,48,1055,351,505,18,2172,2239.5026203270504
6.458123107971746,20.918958834,64,217,18,104,10,437,2428.2024561564645
0.9973149213655544,18.445395972,26,661,207,357,23,1546,1566.769883660947
,183.672015097,<5,134,7,92,10,46,280.87714868902657
1.243781094527363,301.179426157,5,141,<5,106,24,48,446.308884768102
,62.1421463664,<5,203,26,134,11,215,9.115202304881818
1.7100371747211895,61.5054234766,46,696,62,313,80,527,453.97122628006497
2.8400597907324365,82.032357521,19,139,<5,51,<5,442,1266.9405354739831
,329.859157126,<5,53,<5,19,<5,35,95.9372360962368
,52.7997866867,<5,402,25,204,41,288,74.34644354462276
,49.2660985662,<5,240,12,135,11,168,384.5958855519076
,92.0615205352,<5,76,<5,44,<5,60,2.66985984244329
,69.2508634577,<5,157,10,73,28,114,324.0385720774279
,258.348722413,<5,1157,16,670,27,956,2.509262273361331
11.798099469332346,249.640965705,956,3278,110,2224,210,1522,459.14282695061496
3.218097817428708,34.304307151,202,1868,766,888,29,3482,1299.4631051933495
3.0,31.9711884731,156,1325,627,700,30,2494,1717.8655370205022
1.0309278350515465,111.552580603,13,497,6,303,26,189,2.048741504501173
0.6505576208178439,77.0394670317,7,398,<5,190,10,249,209.52601379679848
,66.3339725049,<5,71,<5,27,<5,35,772.0490154617889
1.124859392575928,334.74426663,10,358,<5,212,20,105,0.6830303373654982
5.178268251273344,338.104070555,61,510,8,381,26,123,333.25121943302
,109.623976333,<5,489,7,260,7,498,10.545988992192312
10.244755244755243,103.588698901,586,2047,69,1236,120,1587,813.2273584295064
,33.2795109275,<5,181,8,72,7,933,206.91173876145504
,32.3371247871,<5,8,<5,<5,7,46,543.9987081398224
1.3812154696132597,30.1337956116,25,311,27,122,<5,1228,372.06099428465257
5.444887118193891,32.457563941000004,82,238,21,90,14,854,1605.758585889602
,248.847690349,<5,588,6,414,80,476,7.574629550367583
12.235510579576816,266.746674504,1596,4574,121,3118,480,3200,693.0175630335757
,78.8988441783,<5,21,<5,24,<5,<5,1155.548628542091
,41.9017854655,<5,97,122,33,<5,521,1383.028867864602
2.36724248240563,20.4524475253,37,379,83,229,20,696,1610.5098155883047
1.3231197771587744,21.9947587668,19,355,74,215,15,614,2747.513048530464
12.87878787878788,19.8719760439,289,735,108,482,52,808,2286.1031349000023
,33.505970157,<5,107,<5,45,10,204,710.2753988892127
0.8960573476702509,85.4821571257,10,213,6,75,22,505,1895.6607221230324
3.8374717832957113,214.01940759700005,17,215,<5,136,<5,33,170.20070889100012
2.993885726333544,138.18410272,142,1327,48,774,94,1608,23.14106861964144
24.38875305623472,120.480531109,1197,2392,72,1551,234,681,1177.8235086271022
1.4193548387096775,41.4507400603,11,249,54,168,<5,145,9.353244373751773
,39.5863743167,<5,105,11,64,<5,54,1358.1825354382097
8.029344460896487,31.6656681768,1193,4989,1767,2804,380,3515,1647.812158339335
13.291139240506327,151.201395375,21,49,<5,36,12,19,181.12164171795715
5.223880597014926,14.2518626721,49,267,153,180,13,371,321.0844220943396
4.766069086139047,9.08145079783,218,1473,896,969,75,2266,2859.394412130741
5.096262740656852,4.95141552606,90,318,171,102,14,1365,627.2752148659177
7.26530612244898,20.7718382848,89,296,118,170,20,361,738.4770183091761
9.46069469835466,20.7302109693,207,650,204,396,22,440,1142.0510847382177
0.7848633496846531,25.2674915207,56,1805,1041,928,24,4622,1936.5014229863727
8.369408369408369,155.892472527,116,505,34,318,47,287,412.3937557784672
45.4646017699115,78.8849731524,822,857,34,512,79,156,2328.224945166509
,58.6336741506,<5,457,52,231,37,506,15.542435882929148
5.792276964047936,53.6276671926,87,474,11,278,31,238,942.9026991970436
,239.950694245,<5,85,<5,49,<5,23,144.31146099981697
,24.1899117849,<5,206,189,128,11,855,697.3395030749194
12.06896551724138,13.6349730426,91,229,22,184,<5,273,757.7330873082756
12.06896551724138,13.6349730426,91,229,22,184,<5,273,757.7330873082756
8.036350677120456,13.6338501826,451,1181,201,828,40,3596,2659.3718100538927
,141.54140558,<5,35,<5,15,<5,26,328.76506728522213
,137.518077446,<5,64,<5,38,<5,37,1185.6428633770329
,117.386641316,<5,261,<5,126,18,296,2.407529431419861
5.84144645340751,113.208277542,42,283,<5,187,<5,118,259.97995187452204
8.59963626916082,5.88550482747,331,740,330,526,34,2499,7020.296345791986
1.4444444444444444,335.15258096400004,39,680,<5,346,67,1024,8.394586643010463
17.359160136034305,318.537673297,2348,4698,190,2747,671,2626,623.2507896808747
,37.2799294287,<5,7,<5,8,<5,32,779.9334662358827
0.8403361344537815,38.4843200077,7,95,8,47,5,444,957.9032115353386
,134.61367132299998,<5,419,10,305,9,344,7.610337931671474
7.954858243875585,133.84660472000002,289,1549,43,1097,97,425,524.6812934599438
,73.7841571257,<5,215,<5,87,12,628,14.87076074353215
7.147814018043026,72.3599939743,103,441,16,216,30,625,595.6719275022217
,257.392347869,<5,33,<5,31,<5,10,66.20289882147921
,366.36429375,<5,53,<5,30,<5,13,151.15197287624494
,67.0676687654,<5,337,<5,181,20,280,19.67706738808116
0.9369144284821986,59.77394057630001,15,574,<5,258,40,211,302.3149762181769
,348.18408719599995,<5,66,<5,39,5,6,475.0331456224295
,218.052142847,<5,47,<5,24,8,9,314.0268506162512
39.94334277620396,211.025157126,141,110,6,47,29,63,319.5880366743723
4.451038575667655,275.547317013,15,175,<5,119,<5,33,235.8675169402329
,46.1082470886,<5,6,<5,7,<5,22,1.476021654939114
1.9704433497536944,36.9608971557,124,1753,426,750,225,1630,2329.957845585438
,305.762493671,<5,123,<5,78,<5,181,164.02411131416517
7.949790794979079,19.0231306413,114,305,39,157,15,674,1432.1954942915204
,183.672015097,<5,134,7,92,10,46,280.87714868902657
1.1592434411226358,62.808756800000005,19,404,<5,200,50,570,11.303717724519744
1.49812734082397,54.1012837268,12,246,<5,107,10,206,781.3480365551121
,78.40288487379999,<5,382,<5,194,15,203,14.590770921697668
,69.4021571257,<5,420,<5,223,24,192,313.68020909306574
1.1494252873563218,116.922124259,5,179,<5,97,<5,84,805.7189254849894
,221.619097109,<5,697,<5,418,23,232,2.483280941864039
10.276243093922652,219.707356322,93,432,11,277,19,121,683.099467176306
,33.3750697652,<5,33,5,20,<5,68,130.77401774642405
2.136317395727365,10.7593454645,42,514,183,391,25,945,2006.91142097754
4.558920342330481,9.9733258154,277,1433,794,957,48,3655,2580.6624842847764
0.5093378607809848,260.83674757,6,354,<5,193,27,169,1.8123707673310263
5.664950015146925,281.078604565,187,1238,13,885,58,450,297.00441980784854
,108.175157126,<5,376,<5,184,<5,256,1.3947965714240111
2.283849918433932,130.056950439,14,247,<5,167,9,94,321.1258614502648
,160.746096707,<5,87,<5,52,<5,56,655.1226372859853
